{
  "name": "akmu-A-GPU4-P2P-1-GDRLEVEL-SYS-GDRREAD-1-1MB",
  "gpus_per_node": 4,
  "nics_per_node": 1,
  "alpha": 108.82,
  "betas": [
    [
      0,
      89.7,
      89.7,
      89.7
    ],
    [
      89.7,
      0,
      89.7,
      89.7
    ],
    [
      89.7,
      89.7,
      0,
      89.7
    ],
    [
      89.7,
      89.7,
      89.7,
      0
    ]
  ],
  "invbws": [
    [
      108.82,
      198.51999999999998,
      198.51999999999998,
      198.51999999999998
    ],
    [
      198.51999999999998,
      108.82,
      198.51999999999998,
      198.51999999999998
    ],
    [
      198.51999999999998,
      198.51999999999998,
      108.82,
      198.51999999999998
    ],
    [
      198.51999999999998,
      198.51999999999998,
      198.51999999999998,
      108.82
    ]
  ],
  "links": [
    [
      0,
      1,
      1,
      1
    ],
    [
      1,
      0,
      1,
      1
    ],
    [
      1,
      1,
      0,
      1
    ],
    [
      1,
      1,
      1,
      0
    ]
  ],
  "remote_alpha": 148.77,
  "remote_beta": 110.03,
  "remote_invbw": 258.8
}