{
  "name": "akmu-A-GPU4-P2P-1-GDRLEVEL-LOC-GDRREAD-0-1MB",
  "gpus_per_node": 4,
  "nics_per_node": 1,
  "alpha": 107.63,
  "betas": [
    [
      0,
      89.71,
      89.71,
      89.71
    ],
    [
      89.71,
      0,
      89.71,
      89.71
    ],
    [
      89.71,
      89.71,
      0,
      89.71
    ],
    [
      89.71,
      89.71,
      89.71,
      0
    ]
  ],
  "invbws": [
    [
      107.63,
      197.33999999999997,
      197.33999999999997,
      197.33999999999997
    ],
    [
      197.33999999999997,
      107.63,
      197.33999999999997,
      197.33999999999997
    ],
    [
      197.33999999999997,
      197.33999999999997,
      107.63,
      197.33999999999997
    ],
    [
      197.33999999999997,
      197.33999999999997,
      197.33999999999997,
      107.63
    ]
  ],
  "links": [
    [
      0,
      1,
      1,
      1
    ],
    [
      1,
      0,
      1,
      1
    ],
    [
      1,
      1,
      0,
      1
    ],
    [
      1,
      1,
      1,
      0
    ]
  ],
  "remote_alpha": 146.38,
  "remote_beta": 110.12,
  "remote_invbw": 256.5
}