{
  "name": "akmu-B-GPU2-P2P-0-GDRLEVEL-LOC-GDRREAD-1-1MB",
  "gpus_per_node": 2,
  "nics_per_node": 1,
  "alpha": 197.54,
  "betas": [
    [
      0,
      183.01
    ],
    [
      183.01,
      0
    ]
  ],
  "invbws": [
    [
      197.54,
      380.54999999999995
    ],
    [
      380.54999999999995,
      197.54
    ]
  ],
  "links": [
    [
      0,
      1
    ],
    [
      1,
      0
    ]
  ],
  "remote_alpha": 202.35,
  "remote_beta": 169.52,
  "remote_invbw": 371.87
}